social.michaelbrooks.co.uk,3,"No racism, anti-trans, homophobia or hate of any kind "
oliphant.social,2,"No racism, antisemitism, misogyny, queermisia, cissexism, xenomisia, ableism, ageism or other kinds of bigotry or ""othering"""
social.dextender.com,2,"No Racism, antisemitism, religious hate, homophobia, trans phobia, xenophobia.  Claustrophobia and acrophobia are permitted."
physchem.science,1,"No racism, antisemitism, sexism, homophobia, or transphobia."
thicc.horse,8,"No Racism, Bigotry, transphobia, body shaming, kink shaming.
This includes ""chasers"" and other forms of unwanted fetishization."
sociale.network,5,"No racism, fascism, nationalism, extremism, fundamentalism, bigotism, homophoby"
chatz.nl,3,"No racism, hate speech, etc."
stars.eroaward.com,10,"No racism, hate, violence or bullying."
the.voiceover.bar,2,"No racism, homophobia, biphobia, transphobia, misogyny, Islamophobia, anti-Semitism etc. "
mastodon.ameth.org,2,"No racism, homophobia, transphobia allowed"
gayweeb.vip,2,"No racism, homophobia, transphobia, biphobia, classism, sexism, ableism, or any other systematic discrimination is allowed on GWV."
gaybdsm.group,3,"No racism, homophobia, transphobia, hate speech, sexism, kink-shaming, or body-shaming. This is your only warning."
guitar.rodeo,1,"No racism, homophobia, transphobia, or misogyny."
straylight.expectnomore.net,1,"No racism, homophobia, transphobia, sexism, or bigotry of any kind. Automatic ban or instance block when this is obviously observed."
oslo.town,10,"No racism, homophobia, xenophobia, sexism, discrimination, nazis. üõë"
social.curious.bio,4,"No racism, Islamomisia, sexism, ableism, anti-Semitism, homophobia, transphobia, xenophobia, or casteism."
kolektiva.social,1,"No racism, misogyny, homo/transphobia, ableism or other oppressive behaviour. "
social.learnlangs.com,2,"No racism, Nazism, sexism.
Racists, Nazis & similar will be removed from this server; they can join plenty of others."
wiggle.website,2,"no racism, no sexism, no homophobia, no transphobia...please be nice!!!"
rocketsnail.masto.host,4,"No Racism, Sex and Gender discrimination, Transphobia or Misogyny."
baudigital.social,2,"No racism, sexism / misogyny, ableism, anti-semitism / religious-based hate, homophobia, transphobia, or xenophobia."
hcommons.social,6,"No racism, sexism / misogyny, ableism, anti-semitism / religious-based hate, homophobia, transphobia, xenophobia, or casteism."
lincolnite.net,2,"No racism, sexism / misogyny, ableism, anti-semitism / religious-based hate, homophobia, transphobia, xenophobia, or casteism."
nigerianow.social,2,"No racism, sexism or tribalism"
humangenetics.social,5,"No racism, sexism, ableism, ageism, or eugenics"
macavity.cat,3,"No racism, sexism, ableism, homophobia, transphobia allowed, or anything excluding people based on who they are."
mastodon.inclusion.cc,1,"No racism, sexism, ableism, homophobia, transphobia, xenophobia, or casteism"
mastodon.lawprofs.org,4,"No racism, sexism, ableism, or discrimination on the basis of religion, national origin, gender identity or sexual orientation."
the.zymocosm.com,1,"No racism, sexism, ableism, transphobia, homophobia, or xenophobia"
mastodon.nzoss.nz,9,"No racism, sexism, ableism, transphobia, or otherwise harassing individuals for what they are. "
social.teamb.space,3,"No racism, sexism, ageism, homophobia, transphobia."
x86.social,3,"No racism, sexism, and so on. If you wouldn't say it in front of your best friend's parents, don't say it here."
howdidthisgethere.masto.host,3,"No racism, sexism, anti-LGBTQ, anti-any-religion, or anti-no-religion, or other degrading of people or groups based on their race, gender, who they love, or who/what they worship (if they do worship). "
designlounge.social,5,"No racism, sexism, antisemitism or homophobia of any kind"
progressives.social,1,"No racism, sexism, antisemitism, transphobia, homophobia, ableism, or gender discrimination."
techotakugamerz.com,2,"No racism, sexism, bigotry, homophobia, transphobia, etc. will be tolerated on this server. Breaking this rule will result in an instant ban."
cloudisland.nz,3,"No racism, sexism, casteism, ableism, anti-semitism, islamophobia, or the advocation thereof,"
metalverse.social,2,"No racism, sexism, discrimination against gender and sexual minorities, ableism, fatmisia, xenophobia and/or violent nationalism, or the advocation of all of the above."
social.galaxy-control.org,3,"No racism, sexism, discrimination against gender and sexual minorities, ableism, fatmisia, xenophobia and/or violent nationalism, or the advocation of all of the above."
chasmcity.net,5,"No racism, sexism, discrimination against gender and sexual minorities, ableism, fatmisia, xenophobia and/or violent nationalism, or the advocation of all of the above.
"
stolat.town,3,"No racism, sexism, discrimination against gender and sexual minorities, ableism, fatmisia, xenophobia or violent nationalism.
"
thegoblin.market,7,"No racism, sexism, discrimination against gender and sexual minorities, transphobia, anti-Semitism, ableism, xenophobia and/or violent nationalism, or the advocation of any of the above. Talking about your personal experience of suffering any of the above is allowed."
mainframe.club,1,"No racism, sexism, discrimination based on gender, sexual minority, sexual orientation, disability, physical appearance, body size, race, ethnicity, religion (or lack thereof), or national origin"
3rdstone.cc,2,"No racism, sexism, discrimination, stalking, harassing, trolling, or hassling of other mastodon users."
qth.social,1,"No racism, sexism, homophobia or transphobia"
faerie.social,1,"No racism, sexism, homophobia or transphobia or similar discrimination."
stansells.org,3,"No racism, sexism, homophobia or transphobia. "
follow.onemanandhisblog.com,2,"No racism, sexism, homophobia or transphobia. Respect people‚Äôs non-criminal lifestyle choices."
mn.social,5,"No racism, sexism, homophobia, and transphobia."
social.lostcoastoutpost.com,2,"No racism, sexism, homophobia, etc."
social.zachcapalbo.com,2,"No racism, sexism, homophobia, transphobia"
social.mastnerds.com,1,"No Racism, Sexism, Homophobia, Transphobia"
social.sndevs.com,2,"No racism, sexism, homophobia, transphobia (including deadnaming or misgendering), xenophobia, ableism, or casteism will be tolerated."
carpdiem.online,2,"No racism, sexism, homophobia, transphobia or any of that other horrible stuff."
mastodon.r3pek.org,1,"No racism, sexism, homophobia, transphobia or any other kind of discrimination on this server."
winecountry.social,2,"No racism, sexism, homophobia, transphobia or any other targeting of minorities"
allthingstech.social,2,"No racism, sexism, homophobia, transphobia or anything similar!"
geobla.net,3,"No racism, sexism, homophobia, transphobia or xenophobia!"
subdued.social,1,"NO RACISM, SEXISM, HOMOPHOBIA, TRANSPHOBIA OR XENOPHOBIA."
vis.social,10,"NO RACISM, SEXISM, HOMOPHOBIA, TRANSPHOBIA OR XENOPHOBIA."
m.kawaii.gg,3,"No racism, sexism, homophobia, transphobia, able-ism, etc."
orbiscognito.com,1,"No racism, sexism, homophobia, transphobia, able-ism, etc."
scholar.social,1,"No racism, sexism, homophobia, transphobia, able-ism, etc."
religion.masto.host,2,"No racism, sexism, homophobia, transphobia, able-ism, etc."
social.awcca.community,9,"No racism, sexism, homophobia, transphobia, able-ism, etc."
press.community,1,"No racism, sexism, homophobia, transphobia, able-ism, etc."
airpollution.science,1,"No racism, sexism, homophobia, transphobia, able-ism, xenophobia, etc."
ap.pachy.social,2,"No racism, sexism, homophobia, transphobia, ableism or other hateful conduct"
thetavern.social,2,"No racism, sexism, homophobia, transphobia, ableism or other hateful conduct
"
flyovercountry.social,9,"No racism, sexism, homophobia, transphobia, ableism, fatmisia, xenophobia, casteism, and/or violent nationalism or the advocacy of any of the above."
rubberchicken.social,1,"No racism, sexism, homophobia, transphobia, ableism, or other discriminatory or hateful content.
"
divas.joburg,3,"No racism, sexism, homophobia, transphobia, and/or casteism. Kinda the same as the above two rules, but let me spell it out here."
kind.social,3,"No racism, sexism, homophobia, transphobia, antisemitism, ableism, harassment, or other hateful conduct. Please, also report it whenever seen."
progressivecafe.social,1,"No racism, sexism, homophobia, transphobia, antisemitism, hate speech, ableism, or gender discrimination."
pie.gd,1,"No racism, sexism, homophobia, transphobia, antisemitism, xenophobia, casteism, or similar behavior."
alva.host,1,"no racism, sexism, homophobia, transphobia, classism, chauvinism.
Kein Rassimus, Sexismus, Homo- oder Transfeindlichkeit, Klassismus, Chauvinismus."
vixen.zone,24,"No racism, sexism, homophobia, transphobia, hate material or discrimination of any kind"
daedal.io,15,"No racism, sexism, homophobia, transphobia, or discrimination based on physical appearance, body size, race, ethnicity, or religion"
brands.town,2,"No racism, sexism, homophobia, transphobia, or other bigotry of any kind is allowed."
mastodon.transneptune.net,1,"No racism, sexism, homophobia, transphobia, or other bigotry."
mast.giants-club.net,1,"No racism, sexism, homophobia, transphobia, or other hate speech will be tolerated."
billsmafia.social,5,"No racism, sexism, homophobia, transphobia, or xenophobia."
discuss.smash.today,1,"No racism, sexism, homophobia, transphobia, or xenophobia."
mstdn.business,3,"No racism, sexism, homophobia, transphobia, or xenophobia."
things.uk,1,"No racism, sexism, homophobia, transphobia, or xenophobia.
"
spruce.ink,2,"No racism, sexism, homophobia, transphobia, or xenophobia. No hate. "
neurodifferent.me,6,"No racism, sexism, homophobia, transphobia, queerphobia, able-ism, etc. will be tolerated."
mastodon.design,3,"No racism, sexism, homophobia, transphobia, validism, xenophobia, or casteism"
mstdn.is,2,"No racism, sexism, homophobia, transphobia, xenophobia"
streamers.social,14,"No racism, sexism, homophobia, transphobia, xenophobia"
agilist.social,1,"No racism, sexism, homophobia, transphobia, xenophobia or any other hate speech."
moth.social,4,"No racism, sexism, homophobia, transphobia, xenophobia or casteism"
crispsandwi.ch,7,"No racism, sexism, homophobia, transphobia, xenophobia or other discrimination"
benehomini.social,3,"No racism, sexism, homophobia, transphobia, xenophobia, able-ism, casteism, etc."
akademienl.social,2,"No racism, sexism, homophobia, transphobia, xenophobia, able-ism, etc."
studentchristianmovement.social,2,"No racism, sexism, homophobia, transphobia, xenophobia, ableism"
autonomous.zone,3,"No racism, sexism, homophobia, transphobia, xenophobia, ableism and classism"
archaeo.social,1,"No racism, sexism, homophobia, transphobia, xenophobia, ableism or casteism"
skeptics.social,2,"No racism, sexism, homophobia, transphobia, xenophobia, ableism or casteism"
mastodon.fedi.100terres.com,3,"No racism, sexism, homophobia, transphobia, xenophobia, ableism, ageism, casteism or othering."
urusai.social,15,"No racism, sexism, homophobia, transphobia, xenophobia, ableism, casteism, or any other bigotry"
deacon.social,4,"No racism, sexism, homophobia, transphobia, xenophobia, ableism, or casteism"
dftba.club,6,"No racism, sexism, homophobia, transphobia, xenophobia, ableism, or casteism"
provo.lol,2,"No racism, sexism, homophobia, transphobia, xenophobia, ableism, or casteism"
akiba.party,7,"No racism, sexism, homophobia, transphobia, xenophobia, ableism, or other forms of bigotry against vulnerable populations."
lansley.com,1,"No racism, sexism, homophobia, transphobia, xenophobia, ageism, ableism or casteism."
bbq.snoot.com,2,"No racism, sexism, homophobia, transphobia, xenophobia, ageism, or casteism"
hackerspace.au,4,"No racism, sexism, homophobia, transphobia, xenophobia, anti-Semitism, or casteism"
mastodon.cannerycoders.com,2,"No racism, sexism, homophobia, transphobia, xenophobia, anti-Semitism, or casteism"
makerspace.au,4,"No racism, sexism, homophobia, transphobia, xenophobia, anti-Semitism, or casteism"
indieweb.social,4,"No racism, sexism, homophobia, transphobia, xenophobia, anti-Semitism, or casteism"
musician.social,4,"No racism, sexism, homophobia, transphobia, xenophobia, anti-Semitism, or casteism"
nerd.garden,3,"No racism, sexism, homophobia, transphobia, xenophobia, anti-Semitism, or casteism"
satori.cafe,2,"No racism, sexism, homophobia, transphobia, xenophobia, anti-Semitism, or casteism, see rule 1."
rethinkplaces.social,1,"No racism, sexism, homophobia, transphobia, xenophobia, anti-Semitism, or casteism.
"
pandapla.net,2,"No racism, sexism, homophobia, transphobia, xenophobia, antisemetism, or casteism"
semiosen.de,2,"No racism, sexism, homophobia, transphobia, xenophobia, antisemitism of all kind and no NS-trivialization // Keine gruppenbezogene Menscheinfeindlichkeit wie Rassismus, Sexismus, Homo- und Transfeindlichkeit, Xenophobie, kein Antisemitismus jeder Art und keine NS-Verharmlosung
"
geneadon.social,3,"No racism, sexism, homophobia, transphobia, xenophobia, antisemitism, or casteism."
gratefuldread.masto.host,1,"No racism, sexism, homophobia, transphobia, xenophobia, antisemitism, or casteism."
fintech.eco,6,"No racism, sexism, homophobia, transphobia, xenophobia, antisemitism, or casteism."
journa.host,10,"No racism, sexism, homophobia, transphobia, xenophobia, antisemitism, or casteism."
publishing.social,1,"No racism, sexism, homophobia, transphobia, xenophobia, antisemitism, or casteism."
a11y.info,8,"No racism, sexism, homophobia, transphobia, xenophobia, casteism or ableism"
fireplace.cafe,1,"No racism, sexism, homophobia, transphobia, xenophobia, casteism or bigotry"
syringa.social,9,"No racism, sexism, homophobia, transphobia, xenophobia, casteism or fascism. "
fedi.xamk.fi,12,"No racism, sexism, homophobia, transphobia, xenophobia, casteism or other discrimination against minorities."
mastodon.vapronva.pw,5,"No racism, sexism, homophobia, transphobia, xenophobia, casteism or pedophilia."
astrosocial.space,1,"No racism, sexism, homophobia, transphobia, xenophobia, casteism or sexually explicit content."
mastodon.gardensoul.org,1,"No racism, sexism, homophobia, transphobia, xenophobia, casteism, and other forms of discrimination."
cosocial.ca,3,"No racism, sexism, homophobia, transphobia, xenophobia, casteism, fatphobia, or other forms of bigotry"
ottawa.place,14,"No racism, sexism, homophobia, transphobia, xenophobia, casteism, fatphobia, or other forms of bigotry"
mastocomm.org,1,"No racism, sexism, homophobia, transphobia, xenophobia, casteism, or any other form of hate."
misfittoys.social,17,"No racism, sexism, homophobia, transphobia, xenophobia, casteism, or discrimination based on *lack of* net worth."
mastodon.shatteredsky.net,3,"No racism, sexism, homophobia, transphobia, xenophobia, casteism, or other behavior of the kind."
our.devchatter.com,4,"No racism, sexism, homophobia, transphobia, xenophobia, etc. (see rule 1)"
arthropod.social,1,"No racism, sexism, homophobia, transphobia, xenophobia, etc., "
veganism.social,27,"No racism, sexism, homophobia, transphobia, xenophobia, fatphobia, or casteism"
caleida.com,5,"No racism, sexism, homophobia, transphobia, xenophobia, or ableism"
social.harding.dev,1,"No racism, sexism, homophobia, transphobia, xenophobia, or any other form of discrimination."
jplocalization.social,1,"No racism, sexism, homophobia, transphobia, xenophobia, or any other type of discrimination allowed"
thefolklore.cafe,2,"No racism, sexism, homophobia, transphobia, xenophobia, or bigotry in general"
generic.social,2,"No racism, sexism, homophobia, transphobia, xenophobia, or casteism"
genomic.social,5,"No racism, sexism, homophobia, transphobia, xenophobia, or casteism"
1210.nl,2,"No racism, sexism, homophobia, transphobia, xenophobia, or casteism"
datasci.social,3,"No racism, sexism, homophobia, transphobia, xenophobia, or casteism"
bearologics.social,1,"No racism, sexism, homophobia, transphobia, xenophobia, or casteism"
decentralis.social,20,"No racism, sexism, homophobia, transphobia, xenophobia, or casteism"
ecoevo.social,5,"No racism, sexism, homophobia, transphobia, xenophobia, or casteism"
edtechme.org,3,"No racism, sexism, homophobia, transphobia, xenophobia, or casteism"
404.social,2,"No racism, sexism, homophobia, transphobia, xenophobia, or casteism"
anywise.net,2,"No racism, sexism, homophobia, transphobia, xenophobia, or casteism"
dembowski.social,2,"No racism, sexism, homophobia, transphobia, xenophobia, or casteism"
besci.network,1,"No racism, sexism, homophobia, transphobia, xenophobia, or casteism"
bird.rodeo,2,"No racism, sexism, homophobia, transphobia, xenophobia, or casteism"
eu.mastodon.green,16,"No racism, sexism, homophobia, transphobia, xenophobia, or casteism"
eupolicy.social,9,"No racism, sexism, homophobia, transphobia, xenophobia, or casteism"
brewing.social,2,"No racism, sexism, homophobia, transphobia, xenophobia, or casteism"
btr.net,2,"No racism, sexism, homophobia, transphobia, xenophobia, or casteism"
a2mi.social,4,"No racism, sexism, homophobia, transphobia, xenophobia, or casteism"
bildung.social,2,"No racism, sexism, homophobia, transphobia, xenophobia, or casteism"
binsec.social,3,"No racism, sexism, homophobia, transphobia, xenophobia, or casteism"
bvp.me,2,"No racism, sexism, homophobia, transphobia, xenophobia, or casteism"
frankly.social,5,"No racism, sexism, homophobia, transphobia, xenophobia, or casteism"
appellate.social,8,"No racism, sexism, homophobia, transphobia, xenophobia, or casteism"
birdon.social,2,"No racism, sexism, homophobia, transphobia, xenophobia, or casteism"
artsio.com,8,"No racism, sexism, homophobia, transphobia, xenophobia, or casteism"
feed.preston-ct.us,3,"No racism, sexism, homophobia, transphobia, xenophobia, or casteism"
freedomofspee.ch,13,"No racism, sexism, homophobia, transphobia, xenophobia, or casteism"
fax.social,2,"No racism, sexism, homophobia, transphobia, xenophobia, or casteism"
gott.social,1,"No racism, sexism, homophobia, transphobia, xenophobia, or casteism"
adventures.social,4,"No racism, sexism, homophobia, transphobia, xenophobia, or casteism"
developer.social,3,"No racism, sexism, homophobia, transphobia, xenophobia, or casteism"
blackrock.city,2,"No racism, sexism, homophobia, transphobia, xenophobia, or casteism"
bytetower.social,2,"No racism, sexism, homophobia, transphobia, xenophobia, or casteism"
c64.chat,3,"No racism, sexism, homophobia, transphobia, xenophobia, or casteism"
bluechakra.cloud,2,"No racism, sexism, homophobia, transphobia, xenophobia, or casteism"
digitalmarketer.social,3,"No racism, sexism, homophobia, transphobia, xenophobia, or casteism"
focal.social,3,"No racism, sexism, homophobia, transphobia, xenophobia, or casteism"
cosmo.do,2,"No racism, sexism, homophobia, transphobia, xenophobia, or casteism"
doingtheir.best,2,"No racism, sexism, homophobia, transphobia, xenophobia, or casteism"
av8r.ca,2,"No racism, sexism, homophobia, transphobia, xenophobia, or casteism"
awawa.meo.ws,3,"No racism, sexism, homophobia, transphobia, xenophobia, or casteism"
don.masto.host,4,"No racism, sexism, homophobia, transphobia, xenophobia, or casteism"
az.social,2,"No racism, sexism, homophobia, transphobia, xenophobia, or casteism"
inscribe.social,2,"No racism, sexism, homophobia, transphobia, xenophobia, or casteism"
iowadon.org,1,"No racism, sexism, homophobia, transphobia, xenophobia, or casteism"
creatorstudio.space,2,"No racism, sexism, homophobia, transphobia, xenophobia, or casteism"
dungeons.social,2,"No racism, sexism, homophobia, transphobia, xenophobia, or casteism"
durdle.social,2,"No racism, sexism, homophobia, transphobia, xenophobia, or casteism"
gwitter.li,4,"No racism, sexism, homophobia, transphobia, xenophobia, or casteism"
crowsnest.social,3,"No racism, sexism, homophobia, transphobia, xenophobia, or casteism"
layer8.space,8,"No racism, sexism, homophobia, transphobia, xenophobia, or casteism"
lazysocial.de,2,"No racism, sexism, homophobia, transphobia, xenophobia, or casteism"
learnlinux.social,12,"No racism, sexism, homophobia, transphobia, xenophobia, or casteism"
alleysmith.family,7,"No racism, sexism, homophobia, transphobia, xenophobia, or casteism"
mastd.dev,2,"No racism, sexism, homophobia, transphobia, xenophobia, or casteism"
mastdn.social,2,"No racism, sexism, homophobia, transphobia, xenophobia, or casteism"
frmsn.network,3,"No racism, sexism, homophobia, transphobia, xenophobia, or casteism"
masto.binaryworks.ca,2,"No racism, sexism, homophobia, transphobia, xenophobia, or casteism"
masto.dsoc.io,2,"No racism, sexism, homophobia, transphobia, xenophobia, or casteism"
furry.pet,3,"No racism, sexism, homophobia, transphobia, xenophobia, or casteism"
chinanews.social,2,"No racism, sexism, homophobia, transphobia, xenophobia, or casteism"
mastodon-uk.net,3,"No racism, sexism, homophobia, transphobia, xenophobia, or casteism"
csed.social,2,"No racism, sexism, homophobia, transphobia, xenophobia, or casteism"
curttech.com,2,"No racism, sexism, homophobia, transphobia, xenophobia, or casteism"
cville.online,3,"No racism, sexism, homophobia, transphobia, xenophobia, or casteism"
gaycity.lgbt,2,"No racism, sexism, homophobia, transphobia, xenophobia, or casteism"
gefahrengebiet.org,2,"No racism, sexism, homophobia, transphobia, xenophobia, or casteism"
hometech.social,1,"No racism, sexism, homophobia, transphobia, xenophobia, or casteism"
mastodon.benpettis.ninja,3,"No racism, sexism, homophobia, transphobia, xenophobia, or casteism"
mastodon.byte23.net,3,"No racism, sexism, homophobia, transphobia, xenophobia, or casteism"
mastodon.cc,5,"No racism, sexism, homophobia, transphobia, xenophobia, or casteism"
kafeneio.social,2,"No racism, sexism, homophobia, transphobia, xenophobia, or casteism"
m.uuu.moe,6,"No racism, sexism, homophobia, transphobia, xenophobia, or casteism"
mastodon.d14n.club,2,"No racism, sexism, homophobia, transphobia, xenophobia, or casteism"
mastodon.schaal-server.de,5,"No racism, sexism, homophobia, transphobia, xenophobia, or casteism"
lingo.lol,1,"No racism, sexism, homophobia, transphobia, xenophobia, or casteism"
mastodon.nervesocket.com,2,"No racism, sexism, homophobia, transphobia, xenophobia, or casteism"
mastodon.fraize.com,4,"No racism, sexism, homophobia, transphobia, xenophobia, or casteism"
mastodon.fredprod.com,3,"No racism, sexism, homophobia, transphobia, xenophobia, or casteism"
mastodon.gamedev.place,2,"No racism, sexism, homophobia, transphobia, xenophobia, or casteism"
idic.social,2,"No racism, sexism, homophobia, transphobia, xenophobia, or casteism"
mastodon.social,2,"No racism, sexism, homophobia, transphobia, xenophobia, or casteism"
mastodon.yshi.org,2,"No racism, sexism, homophobia, transphobia, xenophobia, or casteism"
mastodon.dragoncave.dev,2,"No racism, sexism, homophobia, transphobia, xenophobia, or casteism"
mastodon.online,1,"No racism, sexism, homophobia, transphobia, xenophobia, or casteism"
mastodon.makerforce.io,2,"No racism, sexism, homophobia, transphobia, xenophobia, or casteism"
mastodon.melin.org,11,"No racism, sexism, homophobia, transphobia, xenophobia, or casteism"
mastodon.green,400,"No racism, sexism, homophobia, transphobia, xenophobia, or casteism"
mastodon.symbolic.software,11,"No racism, sexism, homophobia, transphobia, xenophobia, or casteism"
mastodon.tech-nico.de,3,"No racism, sexism, homophobia, transphobia, xenophobia, or casteism"
mastodon.habets.dev,3,"No racism, sexism, homophobia, transphobia, xenophobia, or casteism"
mstdn.party,2,"No racism, sexism, homophobia, transphobia, xenophobia, or casteism"
mastodon.mmjo.com,1,"No racism, sexism, homophobia, transphobia, xenophobia, or casteism"
mastodon.modern-industry.com,1,"No racism, sexism, homophobia, transphobia, xenophobia, or casteism"
mastodon.motorsport.org.uk,5,"No racism, sexism, homophobia, transphobia, xenophobia, or casteism"
mastodon.multimob.be,2,"No racism, sexism, homophobia, transphobia, xenophobia, or casteism"
mastodon.thirring.org,2,"No racism, sexism, homophobia, transphobia, xenophobia, or casteism"
m.adventurehound.io,1,"No racism, sexism, homophobia, transphobia, xenophobia, or casteism"
mastodon.hockey,2,"No racism, sexism, homophobia, transphobia, xenophobia, or casteism"
mastodon.incrediblepbx.net,4,"No racism, sexism, homophobia, transphobia, xenophobia, or casteism"
mastodon.vhome.info,4,"No racism, sexism, homophobia, transphobia, xenophobia, or casteism"
mastodon.westsideblogger.eu,1,"No racism, sexism, homophobia, transphobia, xenophobia, or casteism"
rwx.ch,3,"No racism, sexism, homophobia, transphobia, xenophobia, or casteism"
skepteis.social,5,"No racism, sexism, homophobia, transphobia, xenophobia, or casteism"
slut.town,2,"No racism, sexism, homophobia, transphobia, xenophobia, or casteism"
nutmeg.social,2,"No racism, sexism, homophobia, transphobia, xenophobia, or casteism"
my0.net,4,"No racism, sexism, homophobia, transphobia, xenophobia, or casteism"
mojt.net,2,"No racism, sexism, homophobia, transphobia, xenophobia, or casteism"
quasstodon.social,3,"No racism, sexism, homophobia, transphobia, xenophobia, or casteism"
soapbox.network,2,"No racism, sexism, homophobia, transphobia, xenophobia, or casteism"
mostlychris.net,1,"No racism, sexism, homophobia, transphobia, xenophobia, or casteism"
pgh.social,2,"No racism, sexism, homophobia, transphobia, xenophobia, or casteism"
medien.social,2,"No racism, sexism, homophobia, transphobia, xenophobia, or casteism"
rarified.online,1,"No racism, sexism, homophobia, transphobia, xenophobia, or casteism"
natterati.com,1,"No racism, sexism, homophobia, transphobia, xenophobia, or casteism"
mstdn.bitwalker.eu,3,"No racism, sexism, homophobia, transphobia, xenophobia, or casteism"
phpc.social,8,"No racism, sexism, homophobia, transphobia, xenophobia, or casteism"
sci.kiwi,4,"No racism, sexism, homophobia, transphobia, xenophobia, or casteism"
social-potsdam.space,3,"No racism, sexism, homophobia, transphobia, xenophobia, or casteism"
nixie.name,1,"No racism, sexism, homophobia, transphobia, xenophobia, or casteism"
social.eightballde.luxe,2,"No racism, sexism, homophobia, transphobia, xenophobia, or casteism"
mstdn.media,2,"No racism, sexism, homophobia, transphobia, xenophobia, or casteism"
pkutalk.com,2,"No racism, sexism, homophobia, transphobia, xenophobia, or casteism"
social.b0t.at,2,"No racism, sexism, homophobia, transphobia, xenophobia, or casteism"
social.baubs.net,2,"No racism, sexism, homophobia, transphobia, xenophobia, or casteism"
social.nerdnightlax.com,2,"No racism, sexism, homophobia, transphobia, xenophobia, or casteism"
rigor-mortis.nmrc.org,2,"No racism, sexism, homophobia, transphobia, xenophobia, or casteism"
social.bitwig.community,4,"No racism, sexism, homophobia, transphobia, xenophobia, or casteism"
mstdn.online,2,"No racism, sexism, homophobia, transphobia, xenophobia, or casteism"
social.nubecula.org,2,"No racism, sexism, homophobia, transphobia, xenophobia, or casteism"
social.ourwebgrove.com,3,"No racism, sexism, homophobia, transphobia, xenophobia, or casteism"
social.cbeck.dev,2,"No racism, sexism, homophobia, transphobia, xenophobia, or casteism"
social.seattle.wa.us,3,"No racism, sexism, homophobia, transphobia, xenophobia, or casteism"
social.sineware.ca,4,"No racism, sexism, homophobia, transphobia, xenophobia, or casteism"
social.spnr.de,2,"No racism, sexism, homophobia, transphobia, xenophobia, or casteism"
social.team-unix.de,1,"No racism, sexism, homophobia, transphobia, xenophobia, or casteism"
strangeminds.social,2,"No racism, sexism, homophobia, transphobia, xenophobia, or casteism"
social.plux.wtf,4,"No racism, sexism, homophobia, transphobia, xenophobia, or casteism"
stuph.org,2,"No racism, sexism, homophobia, transphobia, xenophobia, or casteism"
social.lacheiner.at,2,"No racism, sexism, homophobia, transphobia, xenophobia, or casteism"
social.lecker.coffee,2,"No racism, sexism, homophobia, transphobia, xenophobia, or casteism"
social.lgm.ltd,2,"No racism, sexism, homophobia, transphobia, xenophobia, or casteism"
sugarfuel.social,3,"No racism, sexism, homophobia, transphobia, xenophobia, or casteism"
social.lochetfamily.com,2,"No racism, sexism, homophobia, transphobia, xenophobia, or casteism"
social.main-angler.de,2,"No racism, sexism, homophobia, transphobia, xenophobia, or casteism"
solarpunk.moe,3,"No racism, sexism, homophobia, transphobia, xenophobia, or casteism"
sicem.social,2,"No racism, sexism, homophobia, transphobia, xenophobia, or casteism"
sunspot.icu,4,"No racism, sexism, homophobia, transphobia, xenophobia, or casteism"
toot.onlyfans.tokyo,2,"No racism, sexism, homophobia, transphobia, xenophobia, or casteism"
social.retronerd.at,2,"No racism, sexism, homophobia, transphobia, xenophobia, or casteism"
toot.rayonnant.org,7,"No racism, sexism, homophobia, transphobia, xenophobia, or casteism"
toot.subak.club,2,"No racism, sexism, homophobia, transphobia, xenophobia, or casteism"
toot.works,2,"No racism, sexism, homophobia, transphobia, xenophobia, or casteism"
social.tsueri.cloud,2,"No racism, sexism, homophobia, transphobia, xenophobia, or casteism"
sysad.ninja,5,"No racism, sexism, homophobia, transphobia, xenophobia, or casteism"
t00t.it,2,"No racism, sexism, homophobia, transphobia, xenophobia, or casteism"
thepathbegins.social,5,"No racism, sexism, homophobia, transphobia, xenophobia, or casteism"
tooting.social,2,"No racism, sexism, homophobia, transphobia, xenophobia, or casteism"
toots.im,1,"No racism, sexism, homophobia, transphobia, xenophobia, or casteism"
techforgood.social,2,"No racism, sexism, homophobia, transphobia, xenophobia, or casteism"
speedrun.zone,3,"No racism, sexism, homophobia, transphobia, xenophobia, or casteism"
willems.social,3,"No racism, sexism, homophobia, transphobia, xenophobia, or casteism"
trivia.town,2,"No racism, sexism, homophobia, transphobia, xenophobia, or casteism"
technews.social,2,"No racism, sexism, homophobia, transphobia, xenophobia, or casteism"
telepath.ee,10,"No racism, sexism, homophobia, transphobia, xenophobia, or casteism"
stadtbu.de,4,"No racism, sexism, homophobia, transphobia, xenophobia, or casteism"
vrnd.network,5,"No racism, sexism, homophobia, transphobia, xenophobia, or casteism"
vrsimility.masto.host,2,"No racism, sexism, homophobia, transphobia, xenophobia, or casteism"
wadoryu.social,2,"No racism, sexism, homophobia, transphobia, xenophobia, or casteism"
tny.social,2,"No racism, sexism, homophobia, transphobia, xenophobia, or casteism"
werebeast.net,2,"No racism, sexism, homophobia, transphobia, xenophobia, or casteism"
tewt.me,2,"No racism, sexism, homophobia, transphobia, xenophobia, or casteism"
toot.ballioljcr.org,2,"No racism, sexism, homophobia, transphobia, xenophobia, or casteism"
twinports.us,2,"No racism, sexism, homophobia, transphobia, xenophobia, or casteism"
xn--xxa.computer,2,"No racism, sexism, homophobia, transphobia, xenophobia, or casteism"
yabtm.us,4,"No racism, sexism, homophobia, transphobia, xenophobia, or casteism"
toot.monster,2,"No racism, sexism, homophobia, transphobia, xenophobia, or casteism"
postchat.io,2,"No racism, sexism, homophobia, transphobia, xenophobia, or casteism"
prf.me,4,"No racism, sexism, homophobia, transphobia, xenophobia, or casteism"
pub.qu1x.one,16,"No racism, sexism, homophobia, transphobia, xenophobia, or casteism"
4four.org,2,"No racism, sexism, homophobia, transphobia, xenophobia, or casteism
"
finsup.social,2,"No racism, sexism, homophobia, transphobia, xenophobia, or casteism
"
discourse.helenprejean.org,1,"No racism, sexism, homophobia, transphobia, xenophobia, or casteism
"
creativewriting.social,2,"No racism, sexism, homophobia, transphobia, xenophobia, or casteism
"
bookstodon.com,2,"No racism, sexism, homophobia, transphobia, xenophobia, or casteism
"
chaotic.social,2,"No racism, sexism, homophobia, transphobia, xenophobia, or casteism
"
lasersare.fun,2,"No racism, sexism, homophobia, transphobia, xenophobia, or casteism
"
m.ef.gg,3,"No racism, sexism, homophobia, transphobia, xenophobia, or casteism
"
masto.syntheticmemory.net,2,"No racism, sexism, homophobia, transphobia, xenophobia, or casteism
"
harz.social,3,"No racism, sexism, homophobia, transphobia, xenophobia, or casteism
"
loser.cafe,6,"No racism, sexism, homophobia, transphobia, xenophobia, or casteism
"
mastodon.incognitus.net,2,"No racism, sexism, homophobia, transphobia, xenophobia, or casteism
"
skynate.net,2,"No racism, sexism, homophobia, transphobia, xenophobia, or casteism
"
n00b.fr,2,"No racism, sexism, homophobia, transphobia, xenophobia, or casteism
"
miau.le-chat-a-velo.at,35,"No racism, sexism, homophobia, transphobia, xenophobia, or casteism
"
micro.jacksonchen666.com,14,"No racism, sexism, homophobia, transphobia, xenophobia, or casteism
"
social.chilira.com,6,"No racism, sexism, homophobia, transphobia, xenophobia, or casteism
"
toot.ramuuns.com,1,"No racism, sexism, homophobia, transphobia, xenophobia, or casteism
"
ubuntu.social,2,"No racism, sexism, homophobia, transphobia, xenophobia, or casteism
"
social.up.edu.ph,4,"No racism, sexism, homophobia, transphobia, xenophobia, or casteism "
unpopular.cloud,1,"No racism, sexism, homophobia, transphobia, xenophobia, or casteism "
sivar.cafe,3,"No racism, sexism, homophobia, transphobia, xenophobia, or casteism / No racismo, sexismo, homofobia, transfobia, xenofobia, o clasismo"
o0o.social,9,"No racism, sexism, homophobia, transphobia, xenophobia, or casteism | ‰∏çÊ≠°ËøéÁ®ÆÊóè‰∏ªÁæ©„ÄÅÊÄßÂà•Ê≠ßË¶ñ„ÄÅÂêåÊÄßÊàÄÊÅêÊáºÁóá„ÄÅË∑®ÊÄßÂà•ÊÅêÊáºÁóá„ÄÅ‰ªáÂ§ñÂøÉÁêÜÊàñÁ®ÆÂßì‰∏ªÁæ© "
mastodon.derpstra.nl,4,"No racism, sexism, homophobia, transphobia, xenophobia, or casteism or any hate to people and animals"
journodon.com,7,"No racism, sexism, homophobia, transphobia, xenophobia, or casteism, incitement of violence or promotion of violent ideologies or harassment, dogpiling or doxxing of other users"
saltlake.social,3,"No racism, sexism, homophobia, transphobia, xenophobia, or casteism, no exceptions!"
mastodon.ph,3,"No racism, sexism, homophobia, transphobia, xenophobia, or casteism;"
amiga.team,2,"No racism, sexism, homophobia, transphobia, xenophobia, or casteism!"
cmh.one,15,"No racism, sexism, homophobia, transphobia, xenophobia, or casteism."
foojay.social,4,"No racism, sexism, homophobia, transphobia, xenophobia, or casteism."
coach.masto.host,2,"No racism, sexism, homophobia, transphobia, xenophobia, or casteism."
bertshouse.social,5,"No racism, sexism, homophobia, transphobia, xenophobia, or casteism."
exile.social,3,"No racism, sexism, homophobia, transphobia, xenophobia, or casteism."
exmormon.social,8,"No racism, sexism, homophobia, transphobia, xenophobia, or casteism."
extraordinarygeeks.social,2,"No racism, sexism, homophobia, transphobia, xenophobia, or casteism."
blogsquad.social,3,"No racism, sexism, homophobia, transphobia, xenophobia, or casteism."
canada.masto.host,4,"No racism, sexism, homophobia, transphobia, xenophobia, or casteism."
dogsports.social,3,"No racism, sexism, homophobia, transphobia, xenophobia, or casteism."
chat.vr3d.social,2,"No racism, sexism, homophobia, transphobia, xenophobia, or casteism."
aliensoup.social,1,"No racism, sexism, homophobia, transphobia, xenophobia, or casteism."
masto.nu,9,"No racism, sexism, homophobia, transphobia, xenophobia, or casteism."
masto.tab-e.de,3,"No racism, sexism, homophobia, transphobia, xenophobia, or casteism."
cytag.nl,9,"No racism, sexism, homophobia, transphobia, xenophobia, or casteism."
mastodon.afromunkee.live,7,"No racism, sexism, homophobia, transphobia, xenophobia, or casteism."
mastodon.coffee,3,"No racism, sexism, homophobia, transphobia, xenophobia, or casteism."
mastodon.collazo.ws,3,"No racism, sexism, homophobia, transphobia, xenophobia, or casteism."
mastodon.cosmicnation.co,3,"No racism, sexism, homophobia, transphobia, xenophobia, or casteism."
liberal.lgbt,1,"No racism, sexism, homophobia, transphobia, xenophobia, or casteism."
mastodon.geekery.org,4,"No racism, sexism, homophobia, transphobia, xenophobia, or casteism."
mastodon.ngo,3,"No racism, sexism, homophobia, transphobia, xenophobia, or casteism."
mastodon.stickbear.me,2,"No racism, sexism, homophobia, transphobia, xenophobia, or casteism."
mastodon.nu,5,"No racism, sexism, homophobia, transphobia, xenophobia, or casteism."
mastodon.lqx.net,2,"No racism, sexism, homophobia, transphobia, xenophobia, or casteism."
mastodon.electroncash.de,4,"No racism, sexism, homophobia, transphobia, xenophobia, or casteism."
mastodon.gruezi.net,1,"No racism, sexism, homophobia, transphobia, xenophobia, or casteism."
mstdn.ro,3,"No racism, sexism, homophobia, transphobia, xenophobia, or casteism."
nonbiri.social,6,"No racism, sexism, homophobia, transphobia, xenophobia, or casteism."
mstdon.com,3,"No racism, sexism, homophobia, transphobia, xenophobia, or casteism."
panopticon.social,3,"No racism, sexism, homophobia, transphobia, xenophobia, or casteism."
partyparrot.social,3,"No racism, sexism, homophobia, transphobia, xenophobia, or casteism."
singlecell.social,3,"No racism, sexism, homophobia, transphobia, xenophobia, or casteism."
museum.community,2,"No racism, sexism, homophobia, transphobia, xenophobia, or casteism."
onlycosplays.social,9,"No racism, sexism, homophobia, transphobia, xenophobia, or casteism."
so.eddyn.net,2,"No racism, sexism, homophobia, transphobia, xenophobia, or casteism."
pepple.us,2,"No racism, sexism, homophobia, transphobia, xenophobia, or casteism."
mastodon.rosseaux.com,2,"No racism, sexism, homophobia, transphobia, xenophobia, or casteism."
nemertes.nl,11,"No racism, sexism, homophobia, transphobia, xenophobia, or casteism."
meta.masto.host,3,"No racism, sexism, homophobia, transphobia, xenophobia, or casteism."
mstdn.eotr.net,3,"No racism, sexism, homophobia, transphobia, xenophobia, or casteism."
social.ancow.name,5,"No racism, sexism, homophobia, transphobia, xenophobia, or casteism."
social.feep.org,3,"No racism, sexism, homophobia, transphobia, xenophobia, or casteism."
social.finton.cc,2,"No racism, sexism, homophobia, transphobia, xenophobia, or casteism."
rls.social,3,"No racism, sexism, homophobia, transphobia, xenophobia, or casteism."
shakuhachi.social,2,"No racism, sexism, homophobia, transphobia, xenophobia, or casteism."
social.dog-s.global,3,"No racism, sexism, homophobia, transphobia, xenophobia, or casteism."
social.mastodon.my,2,"No racism, sexism, homophobia, transphobia, xenophobia, or casteism."
uldegrova.com,2,"No racism, sexism, homophobia, transphobia, xenophobia, or casteism."
unbound.social,3,"No racism, sexism, homophobia, transphobia, xenophobia, or casteism."
social.twotenlabs.net,1,"No racism, sexism, homophobia, transphobia, xenophobia, or casteism."
spacelase.rs,3,"No racism, sexism, homophobia, transphobia, xenophobia, or casteism."
vermont.masto.host,1,"No racism, sexism, homophobia, transphobia, xenophobia, or casteism."
windbag.org,3,"No racism, sexism, homophobia, transphobia, xenophobia, or casteism."
vmst.io,11,"No racism, sexism, homophobia, transphobia, xenophobia, or casteism."
writ.live,5,"No racism, sexism, homophobia, transphobia, xenophobia, or casteism."
wulf.social,2,"No racism, sexism, homophobia, transphobia, xenophobia, or casteism."
starcitizen.name,8,"No racism, sexism, homophobia, transphobia, xenophobia, or casteism."
tombraidersocial.com,1,"No racism, sexism, homophobia, transphobia, xenophobia, or casteism."
turingfesten.dk,2,"No racism, sexism, homophobia, transphobia, xenophobia, or casteism."
zoot.fun,2,"No racism, sexism, homophobia, transphobia, xenophobia, or casteism."
arvr.social,3,"No racism, sexism, homophobia, transphobia, xenophobia, or casteism.
"
kamu.social,2,"No racism, sexism, homophobia, transphobia, xenophobia, or casteism.
"
social.dib.de,2,"No racism, sexism, homophobia, transphobia, xenophobia, or casteism.
Kein Rassismus, Sexismus, Homophobie, Transphobie, Fremdenfeindlichkeit oder Kastendenken."
opalstack.social,9,"No racism, sexism, homophobia, transphobia, xenophobia, or casteism. "
sunburnt.social,2,"No racism, sexism, homophobia, transphobia, xenophobia, or casteism. It takes all sorts to make the world go round and if we were all carbon copies of each other it would be a really boring place."
mastodon.vanlife.is,2,"No racism, sexism, homophobia, transphobia, xenophobia, or casteism. Let's all be friendly towards each other."
drnk.ca,5,"No racism, sexism, homophobia, transphobia, xenophobia, or casteism. No porn or images a violent acts.  "
shadowland.social,3,"No racism, sexism, homophobia, transphobia, xenophobia, or casteism. Period. Zero tolerance."
cktn.todon.de,2,"No racism, sexism, homophobia, transphobia, xenophobia, or casteism. Respect peoples' pronouns."
yellowmustard.club,3,"No racism, sexism, homophobia, transphobia, xenophobia, or casteism. See Rule #1."
d3f4ult.space,3,"No racism, sexism, homophobia, transphobia, xenophobia, or casteism. We are all creators and should be honored for the creative folks that we are."
sigmoid.social,1,"No racism, sexism, homophobia, transphobia, xenophobia, or discrimination in general"
mastodon.flyingmou.se,1,"No racism, sexism, homophobia, transphobia, xenophobia, sectarianism, or casteism"
dice.camp,1,"No racism, sexism, homophobia, transphobia."
social.b4tech.cc,10,"No racism, sexism, homophobia, xenophobia or casteism"
npf.moe,3,"No Racism, Sexism, Homophobia, Xenophobia, Transphobia, Antisemitism, etc."
waytoomuch.info,4,"No racism, sexism, kink-shaming, homophobia, transphobia, xenophobia, misogyny, or casteism"
official.community,2,"No racism, sexism, LGBTQ-phobia, xenophobia, Islamophobia, anti-Semitism, or casteism"
social.memes.nz,1,"No racism, sexism, or advocation of racism or sexism."
mastodon.acc.sunet.se,15,"No racism, sexism, or hateful messages about sexual orientation, gender identity or expression, disability, or any cultural, ethnic, caste, or religious identity or background"
topofthe.city,14,"No racism, sexism, transphobia, ableism, body-shaming, nazis or nazi-adjacent shit. "
toot.darkcooger.net,2,"No racism, sexism, transphobia, homophobia, TERFism."
sanders.life,6,"No Racism, Sexism, Transphobia, or general hatred of others"
social.raytec.co,3,"No Racism, sexism, verbal abuse or advocation thereof."
mstdn.thms.uk,4,"No racism, sexism, xenophobia, discrimination, etc"
wx.social,13,"No racism, sexism, xenophobia, or casteism"
twoot.space,2,"No racism, transmisia, sexism, ableism, ageism or homophobia."
godforsaken.website,19,"No racism, transphobia, homophobia, ableism, fatphobia, whorephobia or sexism."
geekstodon.com,5,"No Racism, Violence, or Threatening Behavior"
recsys.social,4,"No racism, white supremacy, nationalism, fascism, religious extremism, or violence."
were.party,2,"No Racism, xenophobia, transphobia, homophobia, etc or advocation of such."
aseriesoftubes.social,6,"No racism,bullying,sexism,homophobia...  Be nice,  play nice. "
speedlines.stctp.zone,5,No racism! Don't be like that one STC summer special. You know the one.
social.wastedalpaca.wtf,1,No Racism! No Fascism! No Antisemitism! No Sexism! No Homophobia! No Transphobia! No Discussion!
battlefield.social,10,No racism.
beatles.chat,7,No racism.
anml.io,8,No racism.
definitely.social,6,No racism.
eorzea.social,2,No racism.
epsom.social,7,No racism.
app.bikers.social,5,No racism.
denvr.social,9,No racism.
freeradical.zone,5,No racism.
barelysocial.org,7,No racism.
drupal.community,9,No racism.
historians.social,10,No racism.
hokuto.social,8,No racism.
josh.tel,9,No racism.
mastodon.cloudcauldron.io,6,No racism.
mastodon.scientiam.org,1,No racism.
mastodon.world,22,No racism.
norrebro.space,9,No racism.
noxon.cc,8,No racism.
musicworld.social,7,No racism.
rathe.social,7,No racism.
recordplug.club,5,No racism.
recoveryposse.social,8,No racism.
netmonkey.xyz,7,No racism.
secretbearsociety.org,1,No racism.
rorshok.social,8,No racism.
social.halfling13.com,8,No racism.
union.place,13,No racism.
wayne.social,7,No racism.
portside.social,1,No racism.
spezi.social,8,"No racism.
"
transmom.love,5,"No racism.

No white fragility or tone policing either."
hackers.town,5,"No racism.
    
  "
vyrse.social,6,"No racism. No homophobia. No transphobia.
"
ruby.social,6,"No racism. This should go without saying, but unfortunately it doesn't."
mastodon.abstractbits.net,1,No Racism/Bigotry
front-end.social,1,No racism/white supremacy